Time,bidPrice,bidSize,askPrice,askSize,totalVolume,volatility,delta,gamma,theta,vega,rho,markPrice

09:33:08,1.35,1,1.37,32,801,13.397,0.497,0.115,-0.408,0.103,0.008,1.36
09:33:08,1.35,4,1.38,42,801,13.397,0.497,0.115,-0.408,0.103,0.008,1.37
09:33:11,1.34,7,1.36,32,810,13.229,0.5,0.117,-0.408,0.103,0.009,1.35
09:33:13,1.34,19,1.37,76,812,13.229,0.5,0.117,-0.408,0.103,0.009,1.36
09:33:15,1.36,9,1.38,20,812,13.422,0.495,0.115,-0.414,0.103,0.009,1.37
09:33:18,1.4,4,1.42,57,814,13.422,0.495,0.115,-0.414,0.103,0.009,1.41
09:33:20,1.4,10,1.42,25,814,13.422,0.495,0.115,-0.414,0.103,0.009,1.41
09:33:22,1.42,10,1.45,65,815,13.491,0.507,0.114,-0.413,0.103,0.009,1.44
09:33:25,1.42,7,1.44,27,815,13.491,0.507,0.114,-0.413,0.103,0.009,1.43
09:33:27,1.44,7,1.47,60,817,13.306,0.513,0.116,-0.406,0.103,0.009,1.46
09:33:30,1.46,20,1.5,103,827,13.306,0.513,0.116,-0.406,0.103,0.009,1.48
09:33:32,1.49,9,1.52,80,828,13.557,0.529,0.114,-0.415,0.103,0.009,1.51
09:33:34,1.5,9,1.52,20,828,13.557,0.529,0.114,-0.415,0.103,0.009,1.51
09:33:37,1.51,18,1.53,20,829,13.531,0.53,0.114,-0.413,0.103,0.009,1.52
09:33:39,1.52,10,1.55,80,836,13.531,0.53,0.114,-0.413,0.103,0.009,1.54
09:33:41,1.51,17,1.53,54,838,13.528,0.531,0.114,-0.413,0.103,0.009,1.52
09:33:44,1.5,20,1.53,20,861,13.528,0.531,0.114,-0.413,0.103,0.009,1.52
09:33:46,1.51,10,1.53,50,873,13.528,0.531,0.114,-0.413,0.103,0.009,1.52
09:33:48,1.53,3,1.55,13,882,13.356,0.532,0.115,-0.409,0.103,0.009,1.54
09:33:51,1.52,3,1.54,50,884,13.356,0.532,0.115,-0.409,0.103,0.009,1.53
09:33:53,1.51,6,1.52,47,887,13.48,0.531,0.114,-0.407,0.103,0.009,1.52
09:33:55,1.5,4,1.52,11,919,13.48,0.531,0.114,-0.407,0.103,0.009,1.51
09:33:58,1.5,20,1.51,1,949,13.41,0.529,0.115,-0.413,0.103,0.009,1.51
09:34:00,1.47,17,1.49,18,964,13.41,0.529,0.115,-0.413,0.103,0.009,1.48
09:34:02,1.48,9,1.51,90,966,13.375,0.524,0.115,-0.404,0.103,0.009,1.5
09:34:05,1.49,54,1.52,46,966,13.375,0.524,0.115,-0.404,0.103,0.009,1.51
09:34:07,1.48,10,1.51,70,968,13.488,0.528,0.114,-0.415,0.103,0.009,1.5
09:34:10,1.49,20,1.51,10,968,13.488,0.528,0.114,-0.415,0.103,0.009,1.5
09:34:12,1.51,6,1.53,23,970,13.488,0.528,0.114,-0.415,0.103,0.009,1.52
09:34:14,1.53,10,1.55,23,970,13.505,0.53,0.114,-0.414,0.103,0.009,1.54
09:34:17,1.54,22,1.56,46,970,13.505,0.53,0.114,-0.414,0.103,0.009,1.55
09:34:19,1.57,11,1.59,70,982,13.414,0.537,0.115,-0.406,0.103,0.009,1.58
09:34:21,1.57,1,1.59,70,992,13.414,0.537,0.115,-0.406,0.103,0.009,1.58
09:34:24,1.55,12,1.59,86,992,13.35,0.542,0.115,-0.4,0.103,0.009,1.57
09:34:26,1.57,20,1.59,10,992,13.35,0.542,0.115,-0.4,0.103,0.009,1.58
09:34:29,1.59,1,1.6,1,997,13.258,0.547,0.116,-0.401,0.102,0.009,1.6
09:34:31,1.6,30,1.62,6,1004,13.258,0.547,0.116,-0.401,0.102,0.009,1.61
09:34:33,1.58,2,1.6,13,1014,13.276,0.554,0.115,-0.408,0.102,0.01,1.59
09:34:36,1.56,74,1.59,12,1016,13.276,0.554,0.115,-0.408,0.102,0.01,1.58
09:34:38,1.57,15,1.6,50,1018,13.221,0.55,0.116,-0.402,0.102,0.009,1.59
09:34:41,1.57,56,1.6,10,1018,13.221,0.55,0.116,-0.402,0.102,0.009,1.59
09:34:43,1.57,87,1.6,12,1032,13.221,0.55,0.116,-0.402,0.102,0.009,1.59
09:34:45,1.54,60,1.57,184,1040,13.162,0.553,0.116,-0.399,0.102,0.009,1.56
09:34:48,1.52,15,1.54,103,1062,13.162,0.553,0.116,-0.399,0.102,0.009,1.53
09:34:50,1.52,122,1.56,7,1062,13.252,0.542,0.116,-0.407,0.103,0.009,1.54
09:36:32,1.6,16,1.62,8,1607,13.091,0.552,0.117,-0.399,0.102,0.01,1.61
09:36:32,1.58,14,1.61,4,1608,13.091,0.552,0.117,-0.399,0.102,0.01,1.6
09:36:34,1.59,10,1.61,6,1608,13.086,0.559,0.117,-0.393,0.102,0.009,1.6
09:36:37,1.61,2,1.63,4,1608,13.086,0.559,0.117,-0.393,0.102,0.009,1.62
09:36:39,1.6,50,1.63,7,1608,13.074,0.561,0.117,-0.399,0.102,0.01,1.62
09:36:41,1.62,8,1.63,1,1609,13.074,0.561,0.117,-0.399,0.102,0.01,1.63
09:36:44,1.62,10,1.64,10,1609,13.09,0.563,0.116,-0.394,0.102,0.009,1.63
09:36:46,1.62,20,1.64,11,1609,13.09,0.563,0.116,-0.394,0.102,0.009,1.63
09:36:49,1.64,16,1.66,3,1610,13.119,0.566,0.116,-0.4,0.102,0.01,1.65
09:36:51,1.68,28,1.7,7,1615,13.119,0.566,0.116,-0.4,0.102,0.01,1.69
09:36:53,1.71,6,1.74,15,1627,13.02,0.579,0.116,-0.388,0.101,0.01,1.73
09:36:56,1.7,26,1.72,4,1627,13.02,0.579,0.116,-0.388,0.101,0.01,1.71
09:36:58,1.7,4,1.72,7,1657,13.02,0.579,0.116,-0.388,0.101,0.01,1.71
09:37:00,1.71,8,1.73,83,1743,13.132,0.58,0.115,-0.396,0.101,0.01,1.72
09:37:03,1.72,78,1.74,14,1794,13.132,0.58,0.115,-0.396,0.101,0.01,1.73
09:37:05,1.72,12,1.74,46,1823,13.136,0.583,0.115,-0.394,0.101,0.01,1.73
09:37:07,1.72,9,1.74,29,1824,13.136,0.583,0.115,-0.394,0.101,0.01,1.73
09:37:10,1.69,40,1.71,9,1824,13.157,0.583,0.115,-0.396,0.101,0.01,1.7
09:37:12,1.66,14,1.68,7,1862,13.157,0.583,0.115,-0.396,0.101,0.01,1.67
09:37:15,1.66,10,1.68,85,1866,13.072,0.57,0.116,-0.394,0.102,0.01,1.67
09:37:17,1.68,29,1.72,50,1872,13.072,0.57,0.116,-0.394,0.102,0.01,1.7
09:37:19,1.7,17,1.72,6,1873,13.074,0.581,0.115,-0.392,0.101,0.01,1.71
09:37:22,1.69,17,1.73,12,1880,13.074,0.581,0.115,-0.392,0.101,0.01,1.71
09:37:24,1.69,3,1.73,70,1880,13.027,0.579,0.116,-0.391,0.101,0.01,1.71
09:37:27,1.72,19,1.75,11,1880,13.027,0.579,0.116,-0.391,0.101,0.01,1.74
09:37:29,1.71,26,1.75,8,1880,13.027,0.579,0.116,-0.391,0.101,0.01,1.73
09:37:31,1.71,4,1.73,2,1880,13.07,0.586,0.115,-0.391,0.101,0.01,1.72
09:37:34,1.73,7,1.75,2,1882,13.07,0.586,0.115,-0.391,0.101,0.01,1.74
09:37:36,1.72,6,1.75,11,1882,13.132,0.587,0.115,-0.394,0.101,0.01,1.74
09:37:39,1.75,33,1.76,2,1886,13.132,0.587,0.115,-0.394,0.101,0.01,1.76
09:37:41,1.77,25,1.8,16,1946,13.098,0.595,0.114,-0.39,0.1,0.01,1.79
09:37:43,1.78,21,1.82,5,1956,13.098,0.595,0.114,-0.39,0.1,0.01,1.8
09:37:46,1.75,17,1.8,2,1957,13.098,0.595,0.114,-0.392,0.1,0.01,1.78
09:37:48,1.74,9,1.78,70,1957,13.098,0.595,0.114,-0.392,0.1,0.01,1.76
09:38:26,1.77,70,1.8,1,2028,13.039,0.596,0.115,-0.388,0.1,0.01,1.79
09:38:27,1.78,70,1.81,5,2058,13.049,0.598,0.115,-0.391,0.1,0.01,1.8
09:38:30,1.78,14,1.81,30,2058,13.049,0.598,0.115,-0.391,0.1,0.01,1.8
09:38:32,1.79,8,1.81,5,2058,13.089,0.599,0.114,-0.387,0.1,0.01,1.8
09:38:35,1.78,12,1.8,2,2058,13.089,0.599,0.114,-0.387,0.1,0.01,1.79
09:38:37,1.77,23,1.78,1,2058,13.068,0.595,0.115,-0.394,0.1,0.01,1.78
09:38:39,1.79,13,1.82,5,2063,13.068,0.595,0.115,-0.394,0.1,0.01,1.81
09:38:42,1.79,13,1.82,200,2064,13.068,0.595,0.115,-0.394,0.1,0.01,1.81
09:38:44,1.79,12,1.8,1,2064,13.069,0.599,0.115,-0.382,0.1,0.01,1.8
09:38:46,1.8,23,1.82,5,2065,13.069,0.599,0.115,-0.382,0.1,0.01,1.81
09:38:49,1.82,2,1.84,6,2070,13.213,0.603,0.113,-0.398,0.1,0.01,1.83
09:38:51,1.83,5,1.85,10,2075,13.213,0.603,0.113,-0.398,0.1,0.01,1.84
09:38:54,1.82,33,1.84,200,2076,13.167,0.606,0.113,-0.394,0.1,0.011,1.83
09:38:56,1.84,13,1.85,2,2276,13.167,0.606,0.113,-0.394,0.1,0.011,1.85
09:38:58,1.83,13,1.85,2,2277,13.198,0.607,0.113,-0.391,0.1,0.011,1.84
09:39:01,1.83,7,1.85,80,2277,13.198,0.607,0.113,-0.391,0.1,0.011,1.84
09:39:03,1.81,25,1.83,5,2278,13.003,0.605,0.114,-0.384,0.1,0.01,1.82
09:39:05,1.79,10,1.82,39,2278,13.003,0.605,0.114,-0.384,0.1,0.01,1.81
09:39:08,1.79,17,1.81,30,2279,13.003,0.605,0.114,-0.384,0.1,0.01,1.8
09:39:10,1.81,50,1.84,20,2280,13.019,0.596,0.115,-0.386,0.1,0.01,1.83
09:39:13,1.8,4,1.83,20,2280,13.019,0.596,0.115,-0.386,0.1,0.01,1.82
09:39:15,1.81,39,1.83,2,2282,13.109,0.602,0.114,-0.392,0.1,0.01,1.82
09:39:17,1.82,2,1.83,20,2282,13.109,0.602,0.114,-0.392,0.1,0.01,1.83
09:39:20,1.79,13,1.8,8,2284,12.999,0.598,0.115,-0.388,0.1,0.01,1.8
09:39:22,1.8,13,1.82,10,2284,12.999,0.598,0.115,-0.388,0.1,0.01,1.81
09:39:24,1.78,70,1.81,1,2299,13.009,0.6,0.115,-0.383,0.1,0.01,1.8
09:39:27,1.78,25,1.81,10,2299,13.009,0.6,0.115,-0.383,0.1,0.01,1.8
09:39:29,1.8,1,1.82,11,2300,13.049,0.601,0.114,-0.389,0.1,0.01,1.81
09:39:32,1.77,5,1.79,20,2300,13.049,0.601,0.114,-0.389,0.1,0.01,1.78
09:39:34,1.75,15,1.78,1,2307,13.049,0.601,0.114,-0.389,0.1,0.01,1.77
09:39:36,1.75,11,1.77,1,2307,12.987,0.594,0.115,-0.389,0.1,0.01,1.76
09:39:39,1.77,4,1.79,10,2307,12.987,0.594,0.115,-0.389,0.1,0.01,1.78
09:39:41,1.77,9,1.8,30,2327,13.088,0.596,0.114,-0.396,0.1,0.01,1.79
09:39:43,1.76,7,1.78,1,2327,13.088,0.596,0.114,-0.396,0.1,0.01,1.77
09:39:46,1.75,17,1.78,10,2327,12.998,0.595,0.115,-0.39,0.1,0.01,1.77
09:39:48,1.76,1,1.78,30,2327,12.998,0.595,0.115,-0.39,0.1,0.01,1.77
09:39:50,1.77,6,1.79,20,2327,12.948,0.596,0.116,-0.383,0.1,0.01,1.78
09:39:53,1.77,2,1.79,10,2327,12.948,0.596,0.116,-0.383,0.1,0.01,1.78
09:39:55,1.77,1,1.79,2,2329,12.928,0.595,0.116,-0.383,0.1,0.01,1.78
09:39:57,1.78,6,1.79,1,2332,12.928,0.595,0.116,-0.383,0.1,0.01,1.79
09:40:00,1.79,7,1.81,2,2337,12.928,0.595,0.116,-0.383,0.1,0.01,1.8
09:40:02,1.8,5,1.83,9,2337,12.963,0.6,0.115,-0.385,0.1,0.01,1.82
09:40:05,1.82,3,1.83,1,2337,12.963,0.6,0.115,-0.385,0.1,0.01,1.83
09:40:07,1.81,4,1.82,10,2337,12.946,0.607,0.115,-0.389,0.099,0.011,1.82
09:40:09,1.79,4,1.81,3,2337,12.946,0.607,0.115,-0.389,0.099,0.011,1.8
09:40:12,1.79,16,1.81,3,2337,12.929,0.601,0.115,-0.382,0.1,0.01,1.8
09:40:14,1.78,44,1.81,3,2337,12.929,0.601,0.115,-0.382,0.1,0.01,1.8
09:40:16,1.78,15,1.8,3,2337,12.979,0.598,0.115,-0.389,0.1,0.01,1.79
09:40:19,1.78,4,1.81,8,2337,12.979,0.598,0.115,-0.389,0.1,0.01,1.8
09:40:21,1.76,6,1.78,8,2337,12.928,0.595,0.116,-0.386,0.1,0.01,1.77
09:40:23,1.77,40,1.8,12,2416,12.928,0.595,0.116,-0.386,0.1,0.01,1.79
09:40:26,1.79,18,1.82,2,2416,12.928,0.595,0.116,-0.386,0.1,0.01,1.81
09:40:28,1.8,11,1.82,4,2416,12.929,0.601,0.115,-0.382,0.1,0.01,1.81
09:40:30,1.79,3,1.81,10,2416,12.929,0.601,0.115,-0.382,0.1,0.01,1.8
09:40:33,1.79,20,1.8,1,2416,12.909,0.6,0.116,-0.383,0.1,0.01,1.8
09:40:35,1.78,15,1.8,1,2417,12.909,0.6,0.116,-0.383,0.1,0.01,1.79
09:40:38,1.79,20,1.81,13,2420,12.949,0.601,0.115,-0.387,0.1,0.01,1.8
09:40:40,1.8,6,1.82,10,2420,12.949,0.601,0.115,-0.387,0.1,0.01,1.81
09:40:42,1.77,23,1.8,10,2420,12.959,0.6,0.115,-0.388,0.1,0.01,1.79
09:40:45,1.76,20,1.79,22,2420,12.959,0.6,0.115,-0.388,0.1,0.01,1.78
09:40:47,1.75,59,1.78,5,2420,12.909,0.598,0.116,-0.385,0.1,0.01,1.77
09:40:49,1.77,13,1.8,13,2420,12.909,0.598,0.116,-0.385,0.1,0.01,1.79
09:40:52,1.77,15,1.8,13,2420,12.909,0.598,0.116,-0.385,0.1,0.01,1.79
09:40:54,1.76,17,1.78,7,2420,12.919,0.599,0.116,-0.387,0.1,0.01,1.77
09:40:56,1.76,3,1.77,5,2420,12.919,0.599,0.116,-0.387,0.1,0.01,1.77
09:40:59,1.74,1,1.78,20,2420,12.969,0.596,0.115,-0.384,0.1,0.01,1.76
09:41:01,1.77,20,1.78,10,2421,12.969,0.596,0.115,-0.384,0.1,0.01,1.78
09:41:04,1.75,15,1.77,2,2421,12.909,0.598,0.116,-0.382,0.1,0.01,1.76
09:41:06,1.74,51,1.77,4,2421,12.909,0.598,0.116,-0.382,0.1,0.01,1.76
09:41:08,1.73,83,1.76,13,2422,12.858,0.595,0.116,-0.383,0.1,0.01,1.75
09:41:11,1.73,20,1.75,13,2422,12.858,0.595,0.116,-0.383,0.1,0.01,1.74
09:41:13,1.74,20,1.75,1,2429,12.906,0.592,0.116,-0.387,0.1,0.01,1.75
09:41:15,1.72,7,1.74,110,2430,12.906,0.592,0.116,-0.387,0.1,0.01,1.73
09:41:18,1.73,92,1.74,97,2435,12.906,0.592,0.116,-0.387,0.1,0.01,1.74
09:41:20,1.73,105,1.74,89,2543,12.886,0.591,0.116,-0.384,0.1,0.01,1.74
09:41:22,1.75,18,1.78,16,2644,12.886,0.591,0.116,-0.384,0.1,0.01,1.77
09:41:25,1.77,9,1.78,10,2649,12.988,0.596,0.115,-0.39,0.1,0.01,1.78
09:41:27,1.78,4,1.81,44,2677,12.988,0.596,0.115,-0.39,0.1,0.01,1.8
09:41:30,1.82,20,1.84,7,2677,12.919,0.602,0.115,-0.384,0.1,0.01,1.83
09:41:32,1.83,35,1.85,4,2677,12.919,0.602,0.115,-0.384,0.1,0.01,1.84
09:41:34,1.8,20,1.82,13,2688,12.816,0.609,0.116,-0.376,0.099,0.01,1.81
09:41:37,1.8,20,1.82,5,2688,12.816,0.609,0.116,-0.376,0.099,0.01,1.81
09:41:39,1.81,8,1.83,25,2688,12.877,0.607,0.115,-0.382,0.099,0.011,1.82
09:41:41,1.81,9,1.83,5,2688,12.877,0.607,0.115,-0.382,0.099,0.011,1.82
09:41:44,1.79,51,1.82,10,2688,12.877,0.607,0.115,-0.382,0.099,0.011,1.81
09:41:46,1.78,13,1.79,6,2689,12.797,0.605,0.116,-0.385,0.1,0.011,1.79
09:41:49,1.79,20,1.81,21,2689,12.797,0.605,0.116,-0.385,0.1,0.011,1.8
09:41:51,1.78,2,1.8,18,2689,12.839,0.604,0.116,-0.377,0.1,0.01,1.79
09:41:53,1.78,20,1.8,36,2699,12.839,0.604,0.116,-0.377,0.1,0.01,1.79
09:41:56,1.77,1,1.78,13,2699,12.869,0.6,0.116,-0.378,0.1,0.01,1.78
09:41:58,1.77,1,1.78,5,2699,12.869,0.6,0.116,-0.378,0.1,0.01,1.78
09:42:00,1.77,1,1.79,50,2709,12.959,0.6,0.115,-0.388,0.1,0.01,1.78
09:42:03,1.77,3,1.79,24,2709,12.959,0.6,0.115,-0.388,0.1,0.01,1.78
09:42:05,1.76,3,1.78,50,2712,12.928,0.595,0.116,-0.383,0.1,0.01,1.77
09:42:07,1.75,5,1.77,12,2712,12.928,0.595,0.116,-0.383,0.1,0.01,1.76
09:42:10,1.75,56,1.77,6,2713,12.928,0.595,0.116,-0.383,0.1,0.01,1.76
09:42:12,1.75,8,1.77,18,2713,12.849,0.596,0.117,-0.379,0.1,0.01,1.76
09:42:16,1.75,2,1.76,6,2713,12.783,0.595,0.117,-0.375,0.1,0.01,1.76
09:42:18,1.73,37,1.75,13,2715,12.783,0.595,0.117,-0.375,0.1,0.01,1.74
09:42:21,1.72,8,1.74,26,2715,12.915,0.591,0.116,-0.384,0.101,0.01,1.73
09:42:23,1.71,14,1.72,1,2715,12.915,0.591,0.116,-0.384,0.101,0.01,1.72
09:42:25,1.73,4,1.75,18,2716,12.915,0.591,0.116,-0.384,0.101,0.01,1.74
09:42:28,1.72,25,1.74,6,2716,12.946,0.593,0.116,-0.391,0.1,0.01,1.73
09:42:30,1.73,1,1.74,12,2719,12.946,0.593,0.116,-0.391,0.1,0.01,1.74
09:42:32,1.71,4,1.73,50,2719,12.924,0.589,0.116,-0.388,0.101,0.01,1.72
09:42:35,1.72,19,1.74,40,2719,12.924,0.589,0.116,-0.388,0.101,0.01,1.73
09:42:37,1.7,10,1.72,14,2719,12.883,0.588,0.117,-0.387,0.101,0.01,1.71
09:42:40,1.72,25,1.74,7,2729,12.883,0.588,0.117,-0.387,0.101,0.01,1.73
09:42:42,1.73,20,1.75,36,2735,12.956,0.592,0.116,-0.385,0.1,0.01,1.74
09:42:44,1.72,12,1.75,66,2735,12.956,0.592,0.116,-0.385,0.1,0.01,1.74
09:42:47,1.7,10,1.75,80,2735,12.913,0.588,0.116,-0.386,0.101,0.01,1.73
09:42:49,1.72,16,1.74,4,2735,12.913,0.588,0.116,-0.386,0.101,0.01,1.73
09:42:51,1.72,30,1.74,3,2735,12.913,0.588,0.116,-0.386,0.101,0.01,1.73
09:42:54,1.74,7,1.75,43,2736,12.936,0.591,0.116,-0.389,0.1,0.01,1.75
09:42:56,1.74,25,1.75,6,2736,12.936,0.591,0.116,-0.389,0.1,0.01,1.75
09:42:58,1.74,8,1.76,11,2736,12.937,0.594,0.116,-0.384,0.1,0.01,1.75
09:43:01,1.78,18,1.8,6,2739,12.937,0.594,0.116,-0.384,0.1,0.01,1.79
09:43:03,1.77,6,1.79,43,2739,12.929,0.601,0.115,-0.382,0.1,0.01,1.78
09:43:05,1.74,20,1.76,6,2739,12.929,0.601,0.115,-0.382,0.1,0.01,1.75
09:43:08,1.74,13,1.76,7,2739,12.828,0.596,0.117,-0.38,0.1,0.01,1.75
09:43:10,1.74,20,1.76,7,2739,12.828,0.596,0.117,-0.38,0.1,0.01,1.75
09:43:12,1.75,20,1.77,15,2739,12.889,0.597,0.116,-0.383,0.1,0.01,1.76
09:43:15,1.74,20,1.78,7,2739,12.889,0.597,0.116,-0.383,0.1,0.01,1.76
09:43:17,1.75,26,1.77,4,2739,12.909,0.598,0.116,-0.385,0.1,0.01,1.76
09:43:20,1.75,47,1.77,7,2739,12.909,0.598,0.116,-0.385,0.1,0.01,1.76
09:43:23,1.75,80,1.77,10,2739,12.909,0.598,0.116,-0.385,0.1,0.01,1.76
09:43:25,1.73,21,1.78,18,2924,12.909,0.598,0.116,-0.385,0.1,0.01,1.76
09:43:27,1.79,6,1.8,2,3181,12.909,0.598,0.116,-0.385,0.1,0.01,1.8
09:43:30,1.79,9,1.82,1,3183,12.868,0.605,0.116,-0.38,0.1,0.01,1.81
09:43:32,1.8,8,1.83,6,3183,12.868,0.605,0.116,-0.38,0.1,0.01,1.82
09:43:35,1.79,14,1.82,18,3183,12.629,0.603,0.118,-0.369,0.1,0.01,1.81
09:43:37,1.78,12,1.81,26,3183,12.629,0.603,0.118,-0.369,0.1,0.01,1.8
09:43:39,1.74,48,1.77,16,3183,12.719,0.604,0.117,-0.371,0.1,0.01,1.76
09:43:42,1.73,5,1.74,3,3183,12.719,0.604,0.117,-0.371,0.1,0.01,1.74
09:43:44,1.7,70,1.73,5,3185,12.663,0.59,0.119,-0.371,0.101,0.01,1.72
09:43:46,1.71,19,1.73,2,3185,12.663,0.59,0.119,-0.371,0.101,0.01,1.72
09:43:49,1.7,50,1.72,5,3185,12.779,0.589,0.118,-0.38,0.101,0.01,1.71
09:43:51,1.72,54,1.74,6,3185,12.779,0.589,0.118,-0.38,0.101,0.01,1.73
09:43:54,1.72,47,1.74,6,3185,12.797,0.594,0.117,-0.383,0.1,0.01,1.73
09:43:56,1.71,62,1.73,4,3185,12.797,0.594,0.117,-0.383,0.1,0.01,1.72
09:43:58,1.71,20,1.73,5,3185,12.797,0.594,0.117,-0.383,0.1,0.01,1.72
09:44:01,1.72,20,1.74,10,3185,12.725,0.591,0.118,-0.378,0.101,0.01,1.73
09:44:03,1.72,52,1.74,6,3185,12.725,0.591,0.118,-0.378,0.101,0.01,1.73
09:44:05,1.72,70,1.74,6,3185,12.748,0.594,0.118,-0.378,0.1,0.01,1.73
09:44:08,1.73,2,1.75,19,3191,12.748,0.594,0.118,-0.378,0.1,0.01,1.74
09:44:10,1.71,70,1.73,4,3191,12.797,0.594,0.117,-0.386,0.1,0.01,1.72
09:44:12,1.7,80,1.73,2,3191,12.797,0.594,0.117,-0.386,0.1,0.01,1.72
09:44:15,1.71,15,1.73,10,3191,12.784,0.589,0.118,-0.38,0.101,0.01,1.72
09:44:17,1.71,52,1.73,4,3191,12.784,0.589,0.118,-0.38,0.101,0.01,1.72
09:44:20,1.72,8,1.74,8,3197,12.842,0.593,0.117,-0.384,0.1,0.01,1.73
09:44:22,1.76,16,1.78,9,3197,12.842,0.593,0.117,-0.384,0.1,0.01,1.77
09:44:24,1.76,30,1.78,5,3222,12.842,0.593,0.117,-0.384,0.1,0.01,1.77
09:44:27,1.77,20,1.79,4,3222,12.73,0.6,0.118,-0.373,0.1,0.01,1.78
09:44:29,1.77,3,1.79,10,3222,12.73,0.6,0.118,-0.373,0.1,0.01,1.78
09:44:31,1.77,11,1.79,19,3222,12.81,0.601,0.116,-0.38,0.1,0.01,1.78
09:44:34,1.78,2,1.8,10,3222,12.81,0.601,0.116,-0.38,0.1,0.01,1.79
09:44:36,1.77,11,1.79,10,3222,12.808,0.604,0.116,-0.381,0.1,0.011,1.78
09:44:38,1.78,9,1.8,10,3222,12.808,0.604,0.116,-0.381,0.1,0.011,1.79
09:44:41,1.79,3,1.8,2,3226,12.757,0.605,0.117,-0.386,0.1,0.011,1.8
09:44:43,1.79,10,1.81,6,3228,12.757,0.605,0.117,-0.386,0.1,0.011,1.8
09:44:45,1.78,42,1.8,10,3228,12.744,0.606,0.117,-0.375,0.1,0.01,1.79
09:44:48,1.77,16,1.8,10,3228,12.744,0.606,0.117,-0.375,0.1,0.01,1.79
09:44:50,1.77,4,1.78,6,3228,12.744,0.606,0.117,-0.375,0.1,0.01,1.78
09:44:52,1.77,66,1.8,9,3228,12.729,0.603,0.117,-0.375,0.1,0.01,1.79
09:44:55,1.77,38,1.79,1,3228,12.729,0.603,0.117,-0.375,0.1,0.01,1.78
09:44:57,1.8,39,1.82,1,3228,12.807,0.604,0.116,-0.388,0.1,0.011,1.81
09:45:00,1.85,69,1.9,4,3237,12.807,0.604,0.116,-0.388,0.1,0.011,1.88
09:45:02,1.88,12,1.91,2,3242,12.573,0.625,0.117,-0.364,0.098,0.01,1.9
09:45:04,1.88,27,1.91,5,3242,12.573,0.625,0.117,-0.364,0.098,0.01,1.9
09:45:07,1.89,6,1.92,2,3243,12.787,0.631,0.114,-0.376,0.098,0.011,1.9
09:45:09,1.89,50,1.93,6,3300,12.787,0.631,0.114,-0.376,0.098,0.011,1.91
09:45:11,1.93,12,1.97,6,3321,12.787,0.631,0.114,-0.376,0.098,0.011,1.95
09:45:14,1.93,11,1.95,5,3358,12.63,0.637,0.115,-0.358,0.097,0.01,1.94
09:45:16,1.92,41,1.94,1,3361,12.63,0.637,0.115,-0.358,0.097,0.01,1.93
09:45:18,1.9,45,1.92,16,3476,12.594,0.632,0.116,-0.381,0.098,0.011,1.91
09:45:21,1.9,4,1.93,10,3491,12.594,0.632,0.116,-0.381,0.098,0.011,1.92
09:45:23,1.9,55,1.93,4,3498,12.591,0.63,0.116,-0.362,0.098,0.01,1.92
09:45:25,1.89,70,1.93,30,3500,12.591,0.63,0.116,-0.362,0.098,0.01,1.91
09:45:28,1.9,42,1.92,7,3500,12.629,0.631,0.115,-0.366,0.098,0.01,1.91
09:45:30,1.9,56,1.93,7,3500,12.629,0.631,0.115,-0.366,0.098,0.01,1.92
09:45:33,1.89,20,1.9,4,3500,12.496,0.628,0.117,-0.361,0.098,0.01,1.9
09:45:35,1.88,34,1.9,17,3500,12.496,0.628,0.117,-0.361,0.098,0.01,1.89
09:45:37,1.85,59,1.88,6,3500,12.731,0.62,0.116,-0.376,0.099,0.011,1.87
09:45:40,1.85,39,1.87,10,3500,12.731,0.62,0.116,-0.376,0.099,0.011,1.86
09:45:42,1.83,70,1.85,17,3500,12.731,0.62,0.116,-0.376,0.099,0.011,1.84
09:45:44,1.82,51,1.85,1,3500,12.666,0.618,0.116,-0.371,0.099,0.01,1.84
09:45:47,1.82,20,1.84,2,3500,12.666,0.618,0.116,-0.371,0.099,0.01,1.83
09:45:49,1.81,59,1.83,10,3500,12.639,0.615,0.117,-0.374,0.099,0.011,1.82
09:45:51,1.82,20,1.85,4,3505,12.639,0.615,0.117,-0.374,0.099,0.011,1.84
09:45:54,1.81,56,1.83,5,3505,12.645,0.614,0.117,-0.371,0.099,0.01,1.82
09:45:56,1.81,20,1.83,1,3505,12.645,0.614,0.117,-0.371,0.099,0.01,1.82
09:45:59,1.81,12,1.84,4,3505,12.606,0.613,0.117,-0.367,0.099,0.01,1.83
09:46:01,1.8,20,1.82,4,3508,12.606,0.613,0.117,-0.367,0.099,0.01,1.81
09:46:03,1.8,33,1.82,1,3508,12.681,0.613,0.117,-0.378,0.099,0.011,1.81
09:46:06,1.78,11,1.8,18,3509,12.681,0.613,0.117,-0.378,0.099,0.011,1.79
09:46:08,1.77,70,1.8,2,3509,12.681,0.613,0.117,-0.378,0.099,0.011,1.79
09:46:10,1.77,35,1.79,2,3509,12.656,0.608,0.117,-0.377,0.099,0.011,1.78
09:46:13,1.77,7,1.79,3,3509,12.656,0.608,0.117,-0.377,0.099,0.011,1.78
09:46:15,1.76,8,1.78,10,3509,12.688,0.604,0.117,-0.379,0.1,0.011,1.77
09:46:18,1.76,12,1.78,2,3511,12.688,0.604,0.117,-0.379,0.1,0.011,1.77
09:46:20,1.76,7,1.77,3,3516,12.629,0.603,0.118,-0.372,0.1,0.01,1.77
09:46:22,1.74,6,1.76,7,3516,12.629,0.603,0.118,-0.372,0.1,0.01,1.75
09:46:25,1.74,20,1.76,10,3516,12.569,0.599,0.119,-0.371,0.1,0.01,1.75
09:46:27,1.72,6,1.74,11,3516,12.569,0.599,0.119,-0.371,0.1,0.01,1.73
09:46:29,1.71,64,1.75,16,3516,12.688,0.596,0.118,-0.381,0.1,0.01,1.73
09:46:32,1.71,11,1.73,4,3516,12.688,0.596,0.118,-0.381,0.1,0.01,1.72
09:46:34,1.72,20,1.73,1,3516,12.688,0.596,0.118,-0.381,0.1,0.01,1.73
09:46:36,1.7,41,1.73,20,3517,12.729,0.597,0.118,-0.38,0.1,0.01,1.72
09:46:39,1.71,21,1.74,15,3517,12.729,0.597,0.118,-0.38,0.1,0.01,1.73
09:46:41,1.72,50,1.75,13,3518,12.668,0.595,0.118,-0.377,0.1,0.01,1.74
09:46:43,1.73,55,1.75,5,3519,12.668,0.595,0.118,-0.377,0.1,0.01,1.74
09:46:46,1.71,14,1.73,5,3521,12.599,0.598,0.119,-0.374,0.1,0.01,1.72
09:46:48,1.72,53,1.74,3,3521,12.599,0.598,0.119,-0.374,0.1,0.01,1.73
09:46:50,1.73,20,1.75,1,3521,12.619,0.599,0.118,-0.376,0.1,0.01,1.74
09:46:53,1.72,11,1.74,20,3521,12.619,0.599,0.118,-0.376,0.1,0.01,1.73
09:46:55,1.72,11,1.74,2,3524,12.619,0.599,0.118,-0.376,0.1,0.01,1.73
09:46:58,1.72,12,1.74,14,3525,12.658,0.596,0.118,-0.38,0.1,0.01,1.73
09:47:00,1.72,7,1.73,48,3528,12.658,0.596,0.118,-0.38,0.1,0.01,1.73
09:47:02,1.67,2,1.68,8,3591,12.559,0.584,0.12,-0.373,0.101,0.01,1.67
09:47:15,1.65,37,1.68,13,3591,12.559,0.584,0.12,-0.373,0.101,0.01,1.67
09:47:18,1.64,75,1.67,11,3591,12.678,0.584,0.119,-0.381,0.101,0.01,1.65
09:47:20,1.63,9,1.65,6,3602,12.678,0.584,0.119,-0.381,0.101,0.01,1.64
09:47:23,1.62,17,1.64,2,3616,12.705,0.576,0.119,-0.385,0.101,0.01,1.63
09:47:25,1.62,21,1.65,19,3616,12.705,0.576,0.119,-0.385,0.101,0.01,1.64
09:47:27,1.61,6,1.64,10,3616,12.683,0.576,0.119,-0.386,0.101,0.01,1.63
09:47:30,1.62,16,1.64,20,3616,12.683,0.576,0.119,-0.386,0.101,0.01,1.63
09:47:33,1.63,10,1.65,24,3616,12.72,0.574,0.119,-0.383,0.101,0.01,1.64
09:47:35,1.62,13,1.65,21,3616,12.72,0.574,0.119,-0.383,0.101,0.01,1.64
09:47:38,1.62,70,1.66,38,3624,12.754,0.576,0.119,-0.384,0.101,0.01,1.64
09:47:40,1.63,50,1.67,10,3624,12.754,0.576,0.119,-0.384,0.101,0.01,1.65
09:47:42,1.63,12,1.66,42,3624,12.669,0.578,0.119,-0.382,0.101,0.01,1.65
09:47:45,1.62,44,1.66,15,3624,12.669,0.578,0.119,-0.382,0.101,0.01,1.64
09:47:47,1.63,70,1.66,1,3624,12.669,0.578,0.119,-0.382,0.101,0.01,1.65
09:47:49,1.63,70,1.67,6,3624,12.682,0.58,0.119,-0.382,0.101,0.01,1.65
09:47:52,1.64,40,1.67,4,3625,12.682,0.58,0.119,-0.382,0.101,0.01,1.65
09:47:54,1.64,103,1.68,10,3625,12.591,0.579,0.12,-0.375,0.101,0.01,1.66
09:47:56,1.65,67,1.69,36,3625,12.591,0.579,0.12,-0.375,0.101,0.01,1.67
09:47:59,1.68,17,1.7,1,3625,12.779,0.586,0.118,-0.396,0.101,0.01,1.69
09:48:01,1.69,27,1.7,1,3625,12.779,0.586,0.118,-0.396,0.101,0.01,1.69
09:48:04,1.68,32,1.7,1,3625,12.664,0.589,0.119,-0.382,0.101,0.01,1.69
09:48:06,1.68,23,1.7,1,3625,12.664,0.589,0.119,-0.382,0.101,0.01,1.69
09:48:08,1.68,20,1.7,3,3675,12.743,0.588,0.118,-0.386,0.101,0.01,1.69
09:48:11,1.7,14,1.72,2,3687,12.743,0.588,0.118,-0.386,0.101,0.01,1.71
09:48:13,1.7,8,1.72,8,3687,12.743,0.588,0.118,-0.386,0.101,0.01,1.71
09:48:15,1.7,5,1.71,5,3687,12.696,0.591,0.118,-0.382,0.1,0.01,1.71
09:48:18,1.71,25,1.73,5,3687,12.696,0.591,0.118,-0.382,0.1,0.01,1.72
09:48:20,1.69,7,1.71,5,3692,12.667,0.592,0.119,-0.376,0.1,0.01,1.7
09:48:22,1.69,20,1.71,2,3692,12.667,0.592,0.119,-0.376,0.1,0.01,1.7
09:48:26,1.7,34,1.72,2,3692,12.705,0.59,0.118,-0.383,0.101,0.01,1.71
09:48:28,1.71,5,1.73,10,3692,12.705,0.59,0.118,-0.383,0.101,0.01,1.72
09:48:30,1.7,64,1.72,3,3692,12.617,0.593,0.119,-0.374,0.1,0.01,1.71
09:48:33,1.69,38,1.71,4,3692,12.617,0.593,0.119,-0.374,0.1,0.01,1.7
09:48:35,1.69,2,1.7,4,3692,12.644,0.59,0.119,-0.366,0.101,0.01,1.69
09:48:37,1.69,9,1.71,12,3692,12.644,0.59,0.119,-0.366,0.101,0.01,1.7
09:48:40,1.69,41,1.71,10,3692,12.646,0.592,0.119,-0.38,0.1,0.01,1.7
09:48:42,1.69,45,1.71,10,3692,12.646,0.592,0.119,-0.38,0.1,0.01,1.7
09:48:45,1.69,2,1.71,15,3693,12.664,0.589,0.119,-0.378,0.101,0.01,1.7
09:48:47,1.68,46,1.7,11,3695,12.664,0.589,0.119,-0.378,0.101,0.01,1.69
09:48:49,1.68,70,1.7,9,3695,12.664,0.589,0.119,-0.378,0.101,0.01,1.69
09:48:52,1.7,39,1.72,10,3704,12.615,0.59,0.119,-0.377,0.101,0.01,1.71
09:48:54,1.72,7,1.74,32,3704,12.615,0.59,0.119,-0.377,0.101,0.01,1.73
09:48:56,1.7,37,1.72,1,3704,12.567,0.593,0.119,-0.373,0.1,0.01,1.71
09:48:59,1.72,6,1.73,1,3704,12.567,0.593,0.119,-0.373,0.1,0.01,1.73
09:49:01,1.71,30,1.74,37,3704,12.648,0.595,0.118,-0.375,0.1,0.01,1.73
09:49:04,1.72,47,1.74,4,3704,12.648,0.595,0.118,-0.375,0.1,0.01,1.73
09:49:06,1.71,70,1.73,5,3704,12.668,0.595,0.118,-0.375,0.1,0.01,1.72
09:49:08,1.71,6,1.73,22,3704,12.668,0.595,0.118,-0.375,0.1,0.01,1.72
09:49:10,1.69,20,1.71,10,3704,12.635,0.59,0.119,-0.375,0.101,0.01,1.7
09:49:13,1.67,65,1.69,4,3704,12.635,0.59,0.119,-0.375,0.101,0.01,1.68
09:49:15,1.68,54,1.69,1,3706,12.635,0.59,0.119,-0.375,0.101,0.01,1.69
09:49:18,1.67,19,1.69,1,3706,12.652,0.588,0.119,-0.383,0.101,0.01,1.68
09:49:20,1.67,31,1.68,4,3706,12.652,0.588,0.119,-0.383,0.101,0.01,1.67
09:49:22,1.66,51,1.68,9,3706,12.64,0.586,0.119,-0.382,0.101,0.01,1.67
09:49:25,1.66,70,1.68,12,3706,12.64,0.586,0.119,-0.382,0.101,0.01,1.67
09:49:27,1.66,12,1.67,1,3706,12.689,0.586,0.119,-0.39,0.101,0.01,1.67
09:49:29,1.66,50,1.68,10,3706,12.689,0.586,0.119,-0.39,0.101,0.01,1.67
09:49:32,1.66,69,1.68,7,3706,12.719,0.585,0.119,-0.386,0.101,0.01,1.67
09:49:34,1.65,45,1.67,3,3706,12.719,0.585,0.119,-0.386,0.101,0.01,1.66
09:49:36,1.68,28,1.7,3,3713,12.594,0.589,0.119,-0.378,0.101,0.01,1.69
09:49:39,1.69,7,1.71,26,3713,12.594,0.589,0.119,-0.378,0.101,0.01,1.7
09:49:41,1.66,6,1.68,12,3713,12.594,0.589,0.119,-0.378,0.101,0.01,1.67
09:49:43,1.67,13,1.69,3,3713,12.648,0.585,0.119,-0.386,0.101,0.01,1.68
09:49:46,1.65,80,1.68,21,3713,12.648,0.585,0.119,-0.386,0.101,0.01,1.67
09:49:49,1.66,2,1.68,50,3713,12.649,0.585,0.119,-0.379,0.101,0.01,1.67
09:49:51,1.64,67,1.66,6,3713,12.649,0.585,0.119,-0.379,0.101,0.01,1.65
09:49:54,1.65,5,1.66,10,3713,12.636,0.583,0.119,-0.384,0.101,0.01,1.65
09:49:56,1.66,20,1.68,7,3714,12.636,0.583,0.119,-0.384,0.101,0.01,1.67
09:49:58,1.69,17,1.71,2,3714,12.668,0.587,0.119,-0.386,0.101,0.01,1.7
09:50:01,1.7,8,1.72,4,3714,12.668,0.587,0.119,-0.386,0.101,0.01,1.71
09:50:03,1.7,3,1.71,5,3714,12.655,0.591,0.119,-0.378,0.101,0.01,1.71
09:50:06,1.69,38,1.7,5,3714,12.655,0.591,0.119,-0.378,0.101,0.01,1.69
09:50:08,1.66,21,1.68,11,3731,12.67,0.585,0.119,-0.383,0.101,0.01,1.67
09:50:10,1.66,20,1.69,4,3753,12.67,0.585,0.119,-0.383,0.101,0.01,1.67
09:50:13,1.66,18,1.67,1,3753,12.658,0.583,0.119,-0.381,0.101,0.01,1.67
09:50:15,1.68,13,1.7,2,3753,12.658,0.583,0.119,-0.381,0.101,0.01,1.69
09:50:18,1.67,4,1.68,4,3753,12.658,0.583,0.119,-0.381,0.101,0.01,1.67
09:50:20,1.68,6,1.7,2,3753,12.62,0.586,0.119,-0.376,0.101,0.01,1.69
09:50:22,1.7,39,1.72,3,3753,12.62,0.586,0.119,-0.376,0.101,0.01,1.71
09:50:25,1.71,6,1.73,25,3753,12.677,0.594,0.118,-0.381,0.1,0.01,1.72
09:50:27,1.72,9,1.73,1,3753,12.677,0.594,0.118,-0.381,0.1,0.01,1.73
09:50:29,1.71,45,1.73,2,3753,12.609,0.597,0.119,-0.377,0.1,0.01,1.72
09:50:32,1.71,2,1.72,1,3753,12.609,0.597,0.119,-0.377,0.1,0.01,1.72
09:50:34,1.71,2,1.72,4,3758,12.578,0.595,0.119,-0.378,0.1,0.01,1.72
09:50:36,1.71,6,1.72,2,3758,12.578,0.595,0.119,-0.378,0.1,0.01,1.72
09:50:39,1.71,2,1.72,2,3758,12.607,0.594,0.119,-0.379,0.1,0.01,1.72
09:50:41,1.71,55,1.73,3,3758,12.607,0.594,0.119,-0.379,0.1,0.01,1.72
09:50:44,1.71,24,1.73,4,3758,12.607,0.594,0.119,-0.379,0.1,0.01,1.72
09:50:46,1.72,52,1.73,1,3758,12.638,0.596,0.118,-0.374,0.1,0.01,1.73
09:50:48,1.72,2,1.73,4,3768,12.638,0.596,0.118,-0.374,0.1,0.01,1.73
09:50:51,1.71,60,1.73,5,3773,12.658,0.596,0.118,-0.382,0.1,0.01,1.72
09:50:53,1.71,41,1.73,5,3773,12.658,0.596,0.118,-0.382,0.1,0.01,1.72
09:50:55,1.71,46,1.73,3,3773,12.558,0.597,0.119,-0.377,0.1,0.01,1.72
09:50:58,1.71,46,1.73,1,3773,12.558,0.597,0.119,-0.377,0.1,0.01,1.72
09:51:00,1.7,38,1.72,4,3776,12.498,0.596,0.12,-0.373,0.1,0.01,1.71
09:51:03,1.7,30,1.72,36,3776,12.498,0.596,0.12,-0.373,0.1,0.01,1.71
09:51:05,1.68,34,1.7,28,3788,12.392,0.595,0.121,-0.369,0.1,0.01,1.69
09:51:07,1.68,20,1.7,49,3788,12.392,0.595,0.121,-0.369,0.1,0.01,1.69
09:51:10,1.71,63,1.73,1,3788,12.389,0.601,0.12,-0.367,0.1,0.01,1.72
09:51:12,1.71,80,1.73,1,3788,12.389,0.601,0.12,-0.367,0.1,0.01,1.72
09:51:15,1.72,30,1.73,8,3789,12.389,0.601,0.12,-0.367,0.1,0.01,1.73
09:51:17,1.71,70,1.74,17,3789,12.459,0.601,0.12,-0.368,0.1,0.01,1.73
09:51:19,1.73,43,1.76,16,3799,12.459,0.601,0.12,-0.368,0.1,0.01,1.75
09:51:22,1.72,30,1.74,20,3799,12.376,0.604,0.12,-0.366,0.1,0.01,1.73
09:51:24,1.72,20,1.74,40,3802,12.376,0.604,0.12,-0.366,0.1,0.01,1.73
09:51:26,1.74,2,1.75,10,3802,12.408,0.604,0.12,-0.369,0.1,0.011,1.75
09:51:29,1.73,30,1.75,14,3802,12.408,0.604,0.12,-0.369,0.1,0.011,1.74
09:51:31,1.7,80,1.72,6,3803,12.538,0.603,0.119,-0.38,0.1,0.01,1.71
09:51:33,1.7,80,1.73,16,3803,12.538,0.603,0.119,-0.38,0.1,0.01,1.72
09:51:36,1.71,61,1.73,6,3803,12.389,0.601,0.12,-0.369,0.1,0.01,1.72
09:51:38,1.72,70,1.74,16,3803,12.389,0.601,0.12,-0.369,0.1,0.01,1.73
09:51:41,1.72,48,1.74,6,3803,12.428,0.605,0.12,-0.371,0.1,0.011,1.73
09:51:43,1.73,80,1.75,6,3803,12.428,0.605,0.12,-0.371,0.1,0.011,1.74
09:51:46,1.72,63,1.75,9,3803,12.428,0.605,0.12,-0.371,0.1,0.011,1.74
09:51:48,1.74,17,1.76,21,3803,12.358,0.605,0.12,-0.365,0.1,0.01,1.75
09:51:50,1.73,40,1.75,15,3822,12.358,0.605,0.12,-0.365,0.1,0.01,1.74
09:51:53,1.73,45,1.75,10,3822,12.402,0.606,0.12,-0.369,0.1,0.011,1.74
09:51:55,1.72,80,1.74,4,3832,12.402,0.606,0.12,-0.369,0.1,0.011,1.73
09:51:57,1.74,55,1.76,1,3832,12.368,0.604,0.121,-0.363,0.1,0.01,1.75
09:52:00,1.77,1,1.78,5,3845,12.368,0.604,0.121,-0.363,0.1,0.01,1.78
09:52:02,1.75,66,1.77,4,3850,12.338,0.609,0.12,-0.365,0.099,0.011,1.76
09:52:04,1.77,43,1.79,10,3861,12.338,0.609,0.12,-0.365,0.099,0.011,1.78
09:52:07,1.76,77,1.78,15,3861,12.338,0.609,0.12,-0.365,0.099,0.011,1.77
09:52:09,1.77,48,1.79,10,3861,12.424,0.611,0.119,-0.371,0.099,0.011,1.78
09:52:11,1.78,10,1.79,1,3861,12.424,0.611,0.119,-0.371,0.099,0.011,1.79
09:52:14,1.77,23,1.79,14,3871,12.37,0.614,0.119,-0.367,0.099,0.011,1.78
09:52:16,1.78,26,1.8,10,3872,12.37,0.614,0.119,-0.367,0.099,0.011,1.79
09:52:18,1.75,5,1.76,5,3873,12.332,0.614,0.12,-0.359,0.099,0.01,1.76
09:52:21,1.74,13,1.76,5,3878,12.332,0.614,0.12,-0.359,0.099,0.01,1.75
09:52:23,1.75,17,1.77,10,3878,12.284,0.611,0.121,-0.363,0.099,0.011,1.76
09:52:26,1.74,33,1.77,17,3878,12.284,0.611,0.121,-0.363,0.099,0.011,1.76
09:52:28,1.75,70,1.78,6,3878,12.324,0.612,0.12,-0.359,0.099,0.01,1.77
09:52:30,1.74,55,1.77,10,3878,12.324,0.612,0.12,-0.359,0.099,0.01,1.76
09:52:33,1.74,53,1.76,6,3878,12.324,0.612,0.12,-0.359,0.099,0.01,1.75
09:52:35,1.74,70,1.77,10,3878,12.253,0.612,0.121,-0.366,0.099,0.011,1.76
09:52:37,1.77,30,1.79,20,3880,12.253,0.612,0.121,-0.366,0.099,0.011,1.78
09:52:40,1.79,30,1.8,5,3900,12.359,0.616,0.119,-0.366,0.099,0.011,1.8
09:52:42,1.78,30,1.8,27,3919,12.359,0.616,0.119,-0.366,0.099,0.011,1.79
09:52:44,1.76,100,1.78,6,3919,12.303,0.616,0.12,-0.364,0.099,0.011,1.77
09:52:47,1.76,100,1.78,6,3919,12.303,0.616,0.12,-0.364,0.099,0.011,1.77
09:52:49,1.77,22,1.79,5,3924,12.308,0.616,0.12,-0.361,0.099,0.01,1.78
09:52:52,1.77,31,1.79,5,3924,12.308,0.616,0.12,-0.361,0.099,0.01,1.78
09:52:54,1.77,5,1.78,4,3924,12.351,0.614,0.12,-0.359,0.099,0.01,1.78
09:52:56,1.78,31,1.79,1,3933,12.351,0.614,0.12,-0.359,0.099,0.01,1.79
09:52:59,1.74,30,1.76,17,3939,12.351,0.614,0.12,-0.359,0.099,0.01,1.75
09:53:01,1.74,10,1.76,4,3940,12.267,0.607,0.121,-0.359,0.099,0.01,1.75
09:53:04,1.75,17,1.77,3,3940,12.267,0.607,0.121,-0.359,0.099,0.01,1.76
09:53:06,1.78,58,1.8,20,3969,12.292,0.613,0.12,-0.365,0.099,0.011,1.79
09:53:08,1.79,13,1.81,23,3998,12.292,0.613,0.12,-0.365,0.099,0.011,1.8
09:53:11,1.79,1,1.81,12,3998,12.393,0.619,0.119,-0.368,0.099,0.011,1.8
09:53:13,1.79,30,1.81,4,3998,12.393,0.619,0.119,-0.368,0.099,0.011,1.8
09:53:15,1.79,10,1.81,9,3998,12.304,0.619,0.12,-0.362,0.099,0.011,1.8
09:53:18,1.77,22,1.79,7,3998,12.304,0.619,0.12,-0.362,0.099,0.011,1.78
09:53:20,1.8,9,1.82,12,3998,12.323,0.619,0.119,-0.36,0.099,0.01,1.81
09:53:23,1.78,80,1.8,1,3998,12.323,0.619,0.119,-0.36,0.099,0.01,1.79
09:53:25,1.78,30,1.8,3,3998,12.316,0.618,0.12,-0.359,0.099,0.01,1.79
09:53:27,1.78,57,1.8,10,3999,12.316,0.618,0.12,-0.359,0.099,0.01,1.79
09:53:30,1.79,30,1.81,3,3999,12.316,0.618,0.12,-0.359,0.099,0.01,1.8
09:53:32,1.77,23,1.8,2,4003,12.323,0.619,0.119,-0.362,0.099,0.011,1.79
09:53:34,1.79,1,1.8,2,4003,12.323,0.619,0.119,-0.362,0.099,0.011,1.8
09:53:37,1.79,7,1.81,12,4003,12.374,0.619,0.119,-0.366,0.099,0.011,1.8
09:53:39,1.79,31,1.81,3,4003,12.374,0.619,0.119,-0.366,0.099,0.011,1.8
09:53:42,1.79,4,1.8,11,4003,12.316,0.618,0.12,-0.362,0.099,0.011,1.8
09:53:44,1.78,20,1.8,11,4003,12.316,0.618,0.12,-0.362,0.099,0.011,1.79
09:53:46,1.79,7,1.8,14,4003,12.317,0.618,0.12,-0.363,0.099,0.011,1.8
09:53:49,1.77,60,1.8,4,4003,12.317,0.618,0.12,-0.363,0.099,0.011,1.79
09:53:51,1.78,30,1.8,12,4003,12.315,0.618,0.12,-0.366,0.099,0.011,1.79
09:53:54,1.78,2,1.8,15,4003,12.315,0.618,0.12,-0.366,0.099,0.011,1.79
09:53:56,1.75,1,1.76,4,4008,12.141,0.614,0.122,-0.353,0.099,0.01,1.76
09:54:00,1.75,1,1.76,4,4009,12.141,0.614,0.122,-0.353,0.099,0.01,1.76
09:54:02,1.73,80,1.75,16,4010,12.253,0.612,0.121,-0.36,0.099,0.01,1.74
09:54:36,1.75,9,1.77,14,4013,12.284,0.611,0.121,-0.363,0.099,0.011,1.76
09:54:36,1.76,53,1.78,6,4014,12.284,0.611,0.121,-0.363,0.099,0.011,1.77
09:54:39,1.75,51,1.77,3,4014,12.312,0.613,0.12,-0.364,0.099,0.011,1.76
09:54:41,1.75,30,1.77,13,4014,12.312,0.613,0.12,-0.364,0.099,0.011,1.76
09:54:44,1.75,80,1.77,2,4015,12.292,0.612,0.12,-0.361,0.099,0.01,1.76
09:54:46,1.75,40,1.77,3,4015,12.292,0.612,0.12,-0.361,0.099,0.01,1.76
09:54:48,1.74,10,1.75,3,4015,12.288,0.611,0.121,-0.363,0.099,0.011,1.75
09:54:51,1.73,2,1.74,3,4043,12.288,0.611,0.121,-0.363,0.099,0.011,1.74
09:54:53,1.71,23,1.72,3,4044,12.318,0.604,0.121,-0.364,0.1,0.01,1.72
09:54:55,1.71,21,1.73,10,4056,12.318,0.604,0.121,-0.364,0.1,0.01,1.72
09:54:58,1.7,50,1.72,2,4056,12.318,0.604,0.121,-0.364,0.1,0.01,1.71
09:55:00,1.71,36,1.73,4,4061,12.308,0.602,0.121,-0.37,0.1,0.01,1.72
09:55:03,1.7,70,1.74,51,4062,12.308,0.602,0.121,-0.37,0.1,0.01,1.72
09:55:05,1.7,70,1.72,11,4062,12.308,0.605,0.121,-0.367,0.1,0.011,1.71
09:55:07,1.7,33,1.73,30,4077,12.308,0.605,0.121,-0.367,0.1,0.011,1.72
09:55:10,1.69,70,1.71,1,4077,12.299,0.6,0.121,-0.365,0.1,0.01,1.7
09:55:12,1.71,20,1.73,5,4077,12.299,0.6,0.121,-0.365,0.1,0.01,1.72
09:55:14,1.71,48,1.73,10,4077,12.279,0.603,0.121,-0.363,0.1,0.01,1.72
09:55:17,1.71,16,1.73,5,4077,12.279,0.603,0.121,-0.363,0.1,0.01,1.72
09:55:19,1.69,70,1.71,5,4077,12.308,0.602,0.121,-0.37,0.1,0.01,1.7
09:55:21,1.67,9,1.68,16,4077,12.308,0.602,0.121,-0.37,0.1,0.01,1.67
09:55:24,1.69,73,1.71,3,4077,12.308,0.602,0.121,-0.37,0.1,0.01,1.7
09:55:26,1.68,14,1.69,4,4077,12.219,0.602,0.122,-0.36,0.1,0.01,1.69
09:55:28,1.68,10,1.69,4,4077,12.219,0.602,0.122,-0.36,0.1,0.01,1.69
09:55:31,1.67,24,1.7,1,4077,12.279,0.597,0.122,-0.365,0.1,0.01,1.69
09:55:33,1.67,34,1.7,2,4077,12.279,0.597,0.122,-0.365,0.1,0.01,1.69
09:55:36,1.67,18,1.69,16,4077,12.199,0.598,0.123,-0.36,0.1,0.01,1.68
09:55:39,1.67,14,1.69,9,4077,12.199,0.598,0.123,-0.36,0.1,0.01,1.68
09:55:41,1.68,35,1.7,20,4094,12.268,0.595,0.122,-0.363,0.1,0.01,1.69
09:55:44,1.67,49,1.69,3,4094,12.268,0.595,0.122,-0.363,0.1,0.01,1.68
09:55:46,1.67,70,1.7,10,4094,12.149,0.598,0.123,-0.362,0.1,0.01,1.69
09:55:48,1.67,30,1.69,2,4094,12.149,0.598,0.123,-0.362,0.1,0.01,1.68
09:55:51,1.66,25,1.68,1,4094,12.238,0.596,0.122,-0.364,0.1,0.01,1.67
09:55:53,1.66,47,1.68,3,4094,12.238,0.596,0.122,-0.364,0.1,0.01,1.67
09:55:56,1.67,20,1.69,11,4094,12.218,0.596,0.123,-0.358,0.1,0.01,1.68
09:55:58,1.66,68,1.69,11,4094,12.218,0.596,0.123,-0.358,0.1,0.01,1.67
09:56:00,1.66,15,1.68,5,4094,12.218,0.596,0.123,-0.358,0.1,0.01,1.67
09:56:03,1.65,53,1.67,6,4094,12.238,0.596,0.122,-0.364,0.1,0.01,1.66
09:56:05,1.65,78,1.67,8,4094,12.238,0.596,0.122,-0.364,0.1,0.01,1.66
09:56:07,1.65,47,1.67,20,4094,12.237,0.593,0.123,-0.363,0.1,0.01,1.66
09:56:10,1.65,38,1.66,4,4094,12.237,0.593,0.123,-0.363,0.1,0.01,1.65
09:56:12,1.65,2,1.67,10,4142,12.187,0.593,0.123,-0.361,0.1,0.01,1.66
09:56:14,1.64,70,1.66,1,4154,12.187,0.593,0.123,-0.361,0.1,0.01,1.65
09:56:17,1.64,80,1.67,10,4245,12.207,0.594,0.123,-0.367,0.1,0.01,1.65
09:56:19,1.63,70,1.65,1,4254,12.207,0.594,0.123,-0.367,0.1,0.01,1.64
09:56:22,1.62,80,1.64,2,4254,12.194,0.589,0.123,-0.364,0.101,0.01,1.63
09:56:24,1.61,70,1.63,3,4255,12.194,0.589,0.123,-0.364,0.101,0.01,1.62
09:56:26,1.61,46,1.63,10,4256,12.194,0.589,0.123,-0.364,0.101,0.01,1.62
09:56:29,1.61,65,1.63,2,4256,12.17,0.585,0.124,-0.367,0.101,0.01,1.62
09:56:31,1.57,80,1.58,2,4256,12.17,0.585,0.124,-0.367,0.101,0.01,1.58
09:56:33,1.54,80,1.57,17,4257,12.211,0.579,0.124,-0.37,0.101,0.01,1.56
09:56:36,1.5,70,1.52,20,4278,12.211,0.579,0.124,-0.37,0.101,0.01,1.51
09:56:38,1.52,70,1.58,37,4279,12.163,0.566,0.125,-0.366,0.102,0.009,1.55
09:56:41,1.53,80,1.56,4,4280,12.163,0.566,0.125,-0.366,0.102,0.009,1.55
09:56:43,1.53,80,1.56,4,4280,12.262,0.57,0.124,-0.371,0.102,0.01,1.55
09:56:45,1.58,36,1.6,2,4312,12.262,0.57,0.124,-0.371,0.102,0.01,1.59
09:56:48,1.56,80,1.6,10,4312,12.14,0.579,0.125,-0.37,0.101,0.01,1.58
09:56:50,1.56,80,1.61,7,4312,12.14,0.579,0.125,-0.37,0.101,0.01,1.59
09:56:52,1.57,6,1.6,9,4312,12.14,0.579,0.125,-0.37,0.101,0.01,1.59
09:56:55,1.58,10,1.6,7,4315,12.083,0.58,0.125,-0.361,0.101,0.01,1.59
09:56:57,1.58,32,1.6,1,4315,12.083,0.58,0.125,-0.361,0.101,0.01,1.59
09:56:59,1.58,60,1.61,4,4315,12.083,0.58,0.125,-0.361,0.101,0.01,1.6
09:57:02,1.58,73,1.62,2,4315,12.083,0.58,0.125,-0.361,0.101,0.01,1.6
09:57:04,1.59,60,1.61,4,4315,12.182,0.587,0.124,-0.369,0.101,0.01,1.6
09:57:07,1.59,52,1.61,5,4315,12.182,0.587,0.124,-0.369,0.101,0.01,1.6
09:57:09,1.59,20,1.61,9,4315,12.018,0.583,0.126,-0.358,0.101,0.01,1.6
09:57:11,1.59,69,1.61,2,4315,12.018,0.583,0.126,-0.358,0.101,0.01,1.6
09:57:14,1.59,19,1.6,3,4315,12.067,0.583,0.125,-0.36,0.101,0.01,1.6
09:57:17,1.59,1,1.62,2,4315,12.067,0.583,0.125,-0.36,0.101,0.01,1.61
09:57:19,1.58,100,1.61,61,4325,12.071,0.586,0.125,-0.364,0.101,0.01,1.6
09:57:22,1.58,100,1.61,6,4325,12.071,0.586,0.125,-0.364,0.101,0.01,1.6
09:57:24,1.58,100,1.6,10,4325,12.117,0.583,0.125,-0.365,0.101,0.01,1.59
09:57:26,1.58,100,1.61,10,4325,12.117,0.583,0.125,-0.365,0.101,0.01,1.6
09:57:29,1.58,100,1.63,7,4325,12.199,0.585,0.124,-0.367,0.101,0.01,1.61
09:57:31,1.61,80,1.64,1,4325,12.199,0.585,0.124,-0.367,0.101,0.01,1.63
09:57:33,1.61,100,1.63,7,4325,12.199,0.585,0.124,-0.367,0.101,0.01,1.62
09:57:36,1.61,100,1.64,9,4330,12.199,0.585,0.124,-0.367,0.101,0.01,1.63
09:57:38,1.61,100,1.65,10,4330,12.199,0.585,0.124,-0.367,0.101,0.01,1.63
09:57:41,1.61,100,1.65,2,4352,12.275,0.591,0.122,-0.366,0.1,0.01,1.63
09:57:43,1.63,70,1.65,2,4353,12.275,0.591,0.122,-0.366,0.1,0.01,1.64
09:57:45,1.63,70,1.65,2,4355,12.135,0.591,0.124,-0.36,0.101,0.01,1.64
09:57:48,1.62,80,1.65,2,4355,12.135,0.591,0.124,-0.36,0.101,0.01,1.64
09:57:50,1.63,93,1.67,2,4437,12.205,0.591,0.123,-0.362,0.1,0.01,1.65
09:57:52,1.63,80,1.67,5,4437,12.205,0.591,0.123,-0.362,0.1,0.01,1.65
09:57:55,1.63,80,1.68,9,4437,12.198,0.595,0.123,-0.359,0.1,0.01,1.65
09:57:57,1.65,34,1.67,15,4437,12.198,0.595,0.123,-0.359,0.1,0.01,1.66
09:58:00,1.63,80,1.66,1,4438,12.198,0.595,0.123,-0.359,0.1,0.01,1.65
09:58:02,1.63,80,1.66,3,4457,12.216,0.592,0.123,-0.368,0.1,0.01,1.65
09:58:04,1.66,40,1.68,6,4457,12.216,0.592,0.123,-0.368,0.1,0.01,1.67
09:58:07,1.66,30,1.68,48,4457,12.218,0.596,0.123,-0.362,0.1,0.01,1.67
09:58:09,1.65,50,1.67,6,4460,12.218,0.596,0.123,-0.362,0.1,0.01,1.66
09:58:11,1.64,70,1.66,1,4460,12.137,0.594,0.124,-0.363,0.1,0.01,1.65
09:58:14,1.64,64,1.66,10,4460,12.137,0.594,0.124,-0.363,0.1,0.01,1.65
09:58:16,1.63,65,1.65,3,4460,12.146,0.592,0.124,-0.364,0.1,0.01,1.64
09:58:19,1.63,43,1.64,1,4460,12.146,0.592,0.124,-0.364,0.1,0.01,1.63
09:58:21,1.63,69,1.65,5,4460,12.226,0.591,0.123,-0.365,0.1,0.01,1.64
09:58:23,1.64,10,1.65,11,4460,12.226,0.591,0.123,-0.365,0.1,0.01,1.65
09:58:26,1.63,32,1.65,5,4470,12.226,0.591,0.123,-0.365,0.1,0.01,1.64
09:58:28,1.63,56,1.66,48,4473,12.214,0.589,0.123,-0.365,0.101,0.01,1.65
09:58:30,1.64,2,1.65,1,4473,12.214,0.589,0.123,-0.365,0.101,0.01,1.65
09:58:33,1.65,1,1.66,2,4473,12.205,0.591,0.123,-0.366,0.101,0.01,1.65
09:58:35,1.63,33,1.65,22,4477,12.205,0.591,0.123,-0.366,0.101,0.01,1.64
09:58:38,1.63,20,1.65,1,4477,12.225,0.591,0.123,-0.368,0.1,0.01,1.64
09:58:40,1.64,18,1.65,7,4477,12.225,0.591,0.123,-0.368,0.1,0.01,1.65
09:58:42,1.66,11,1.67,1,4477,12.227,0.594,0.123,-0.366,0.1,0.01,1.67
09:58:45,1.67,7,1.68,6,4478,12.227,0.594,0.123,-0.366,0.1,0.01,1.67
09:58:47,1.66,41,1.68,7,4478,12.199,0.598,0.123,-0.364,0.1,0.01,1.67
09:58:49,1.67,1,1.69,30,4478,12.199,0.598,0.123,-0.364,0.1,0.01,1.68
09:58:52,1.67,9,1.68,10,4483,12.199,0.598,0.123,-0.364,0.1,0.01,1.67
09:58:54,1.67,55,1.69,11,4483,12.169,0.599,0.123,-0.361,0.1,0.01,1.68
09:58:57,1.68,18,1.69,10,4483,12.169,0.599,0.123,-0.361,0.1,0.01,1.69
09:58:59,1.69,33,1.71,38,4493,12.269,0.601,0.122,-0.362,0.1,0.01,1.7
09:59:01,1.66,23,1.68,4,4494,12.269,0.601,0.122,-0.362,0.1,0.01,1.67
09:59:04,1.67,52,1.69,11,4498,12.169,0.599,0.123,-0.361,0.1,0.01,1.68
09:59:06,1.67,10,1.68,4,4498,12.169,0.599,0.123,-0.361,0.1,0.01,1.67
09:59:08,1.66,46,1.68,4,4498,12.088,0.597,0.124,-0.359,0.1,0.01,1.67
09:59:11,1.68,38,1.69,10,4503,12.088,0.597,0.124,-0.359,0.1,0.01,1.69
09:59:13,1.68,34,1.69,6,4517,12.149,0.599,0.123,-0.359,0.1,0.01,1.69
09:59:16,1.66,13,1.67,1,4517,12.149,0.599,0.123,-0.359,0.1,0.01,1.67
09:59:18,1.65,52,1.68,5,4517,12.118,0.596,0.123,-0.36,0.1,0.01,1.67
09:59:20,1.65,44,1.67,3,4517,12.118,0.596,0.123,-0.36,0.1,0.01,1.66
09:59:23,1.65,9,1.67,33,4517,12.118,0.596,0.123,-0.36,0.1,0.01,1.66
09:59:25,1.65,39,1.67,6,4517,12.067,0.594,0.124,-0.359,0.1,0.01,1.66
09:59:27,1.65,14,1.66,5,4517,12.067,0.594,0.124,-0.359,0.1,0.01,1.65
09:59:30,1.67,16,1.69,4,4517,12.187,0.593,0.123,-0.361,0.1,0.01,1.68
09:59:32,1.67,26,1.69,10,4517,12.187,0.593,0.123,-0.361,0.1,0.01,1.68
09:59:34,1.68,18,1.7,41,4517,12.249,0.598,0.122,-0.366,0.1,0.01,1.69
09:59:37,1.68,24,1.7,16,4517,12.249,0.598,0.122,-0.366,0.1,0.01,1.69
09:59:39,1.68,36,1.7,4,4517,12.15,0.597,0.123,-0.361,0.1,0.01,1.69
09:59:42,1.69,16,1.71,10,4517,12.15,0.597,0.123,-0.361,0.1,0.01,1.7
09:59:44,1.69,80,1.71,6,4517,12.289,0.602,0.121,-0.367,0.1,0.01,1.7
09:59:46,1.67,50,1.69,10,4517,12.289,0.602,0.121,-0.367,0.1,0.01,1.68
09:59:49,1.66,4,1.67,10,4517,12.289,0.602,0.121,-0.367,0.1,0.01,1.67
09:59:51,1.64,65,1.66,2,4523,12.068,0.594,0.124,-0.359,0.1,0.01,1.65
09:59:53,1.63,70,1.65,5,4523,12.068,0.594,0.124,-0.359,0.1,0.01,1.64
09:59:56,1.65,13,1.66,4,4523,12.155,0.591,0.124,-0.366,0.1,0.01,1.65
09:59:58,1.64,12,1.66,3,4523,12.155,0.591,0.124,-0.366,0.1,0.01,1.65
10:00:01,1.61,100,1.62,11,4523,12.158,0.584,0.124,-0.362,0.101,0.01,1.62
10:00:03,1.6,20,1.62,6,4623,12.158,0.584,0.124,-0.362,0.101,0.01,1.61
10:00:05,1.58,7,1.59,6,4623,12.308,0.584,0.123,-0.372,0.101,0.01,1.59
10:00:08,1.58,16,1.6,3,4624,12.308,0.584,0.123,-0.372,0.101,0.01,1.59
10:00:10,1.59,9,1.6,15,4624,12.174,0.581,0.124,-0.363,0.101,0.01,1.6
10:00:12,1.57,6,1.58,16,4624,12.174,0.581,0.124,-0.363,0.101,0.01,1.58
10:00:15,1.56,60,1.58,6,4624,12.174,0.581,0.124,-0.363,0.101,0.01,1.57
10:00:17,1.57,12,1.6,6,4624,12.148,0.577,0.125,-0.367,0.101,0.01,1.59
10:00:20,1.58,3,1.59,2,4627,12.148,0.577,0.125,-0.367,0.101,0.01,1.59
10:00:22,1.59,6,1.61,50,4627,12.257,0.583,0.123,-0.369,0.101,0.01,1.6
10:00:24,1.6,35,1.62,11,4627,12.257,0.583,0.123,-0.369,0.101,0.01,1.61
10:00:27,1.62,8,1.63,10,4627,12.141,0.586,0.124,-0.361,0.101,0.01,1.63
10:00:29,1.61,46,1.63,6,4627,12.141,0.586,0.124,-0.361,0.101,0.01,1.62
10:00:31,1.62,33,1.64,6,4627,12.141,0.586,0.124,-0.361,0.101,0.01,1.63
10:00:34,1.62,10,1.63,26,4632,12.141,0.586,0.124,-0.361,0.101,0.01,1.63
10:00:36,1.57,22,1.59,21,4632,12.125,0.582,0.125,-0.355,0.101,0.01,1.58
10:00:38,1.57,41,1.59,3,4632,12.125,0.582,0.125,-0.355,0.101,0.01,1.58
10:00:41,1.59,16,1.62,4,4632,12.125,0.582,0.125,-0.355,0.101,0.01,1.61
10:00:43,1.6,7,1.62,2,4632,12.088,0.583,0.125,-0.362,0.101,0.01,1.61
10:00:46,1.58,1,1.62,6,4632,12.088,0.583,0.125,-0.362,0.101,0.01,1.6
10:00:48,1.57,17,1.62,2,4632,11.984,0.581,0.126,-0.354,0.101,0.01,1.6
10:00:50,1.58,10,1.61,60,4632,11.984,0.581,0.126,-0.354,0.101,0.01,1.6
10:00:53,1.58,60,1.61,7,4632,12.174,0.581,0.124,-0.363,0.101,0.01,1.6
10:00:55,1.59,50,1.62,9,4632,12.174,0.581,0.124,-0.363,0.101,0.01,1.61
10:00:57,1.59,10,1.61,3,4632,12.174,0.581,0.124,-0.363,0.101,0.01,1.6
10:01:00,1.6,40,1.62,10,4632,12.174,0.581,0.124,-0.363,0.101,0.01,1.61
10:01:02,1.62,6,1.64,7,4632,12.137,0.586,0.124,-0.361,0.101,0.01,1.63
10:01:06,1.62,1,1.64,50,4632,12.137,0.586,0.124,-0.361,0.101,0.01,1.63
10:01:08,1.62,6,1.64,5,4632,12.182,0.587,0.124,-0.362,0.101,0.01,1.63
10:01:11,1.61,31,1.63,10,4632,12.182,0.587,0.124,-0.362,0.101,0.01,1.62
10:01:13,1.62,9,1.64,50,4632,12.141,0.586,0.124,-0.358,0.101,0.01,1.63
10:01:15,1.6,15,1.62,5,4632,12.141,0.586,0.124,-0.358,0.101,0.01,1.61
10:01:18,1.6,1,1.61,13,4632,12.166,0.582,0.124,-0.365,0.101,0.01,1.61
10:01:20,1.6,3,1.62,16,4632,12.166,0.582,0.124,-0.365,0.101,0.01,1.61
10:01:22,1.58,15,1.62,16,4633,12.166,0.582,0.124,-0.365,0.101,0.01,1.6
10:01:25,1.59,32,1.61,16,4633,12.203,0.58,0.124,-0.366,0.101,0.01,1.6
10:01:27,1.58,8,1.59,11,4633,12.203,0.58,0.124,-0.366,0.101,0.01,1.59
10:01:29,1.58,12,1.59,6,4633,12.203,0.58,0.124,-0.369,0.101,0.01,1.59
10:01:32,1.59,9,1.6,31,4633,12.203,0.58,0.124,-0.369,0.101,0.01,1.6
10:01:34,1.6,12,1.62,20,4645,12.26,0.585,0.123,-0.373,0.101,0.01,1.61
10:01:37,1.59,44,1.61,41,4645,12.26,0.585,0.123,-0.373,0.101,0.01,1.6
10:01:39,1.62,17,1.64,87,4645,12.236,0.582,0.123,-0.37,0.101,0.01,1.63
10:01:41,1.62,50,1.63,1,4645,12.236,0.582,0.123,-0.37,0.101,0.01,1.63
10:01:44,1.62,10,1.64,10,4647,12.216,0.588,0.123,-0.363,0.101,0.01,1.63
10:01:46,1.63,49,1.65,45,4647,12.216,0.588,0.123,-0.363,0.101,0.01,1.64
10:01:49,1.64,17,1.65,9,4647,12.115,0.592,0.124,-0.357,0.1,0.01,1.65
10:01:51,1.67,9,1.69,9,4647,12.115,0.592,0.124,-0.357,0.1,0.01,1.68
10:01:53,1.66,22,1.67,4,4647,12.115,0.592,0.124,-0.357,0.1,0.01,1.67
10:01:56,1.66,24,1.68,7,4647,12.128,0.598,0.123,-0.36,0.1,0.01,1.67
10:01:58,1.67,43,1.69,36,4647,12.128,0.598,0.123,-0.36,0.1,0.01,1.68
10:02:01,1.68,54,1.69,7,4647,12.229,0.6,0.122,-0.364,0.1,0.01,1.69
10:02:03,1.69,15,1.72,6,4650,12.229,0.6,0.122,-0.364,0.1,0.01,1.71
10:02:05,1.74,25,1.75,16,4651,12.125,0.611,0.122,-0.353,0.099,0.01,1.75
10:02:08,1.75,21,1.77,17,4661,12.125,0.611,0.122,-0.353,0.099,0.01,1.76
10:02:10,1.76,55,1.78,62,4706,12.258,0.616,0.12,-0.363,0.099,0.011,1.77
10:02:12,1.75,17,1.76,1,4708,12.258,0.616,0.12,-0.363,0.099,0.011,1.76
10:02:15,1.76,7,1.77,20,4708,12.161,0.614,0.122,-0.355,0.099,0.01,1.77
10:02:17,1.76,59,1.78,31,4709,12.161,0.614,0.122,-0.355,0.099,0.01,1.77
10:02:19,1.76,19,1.78,14,4711,12.161,0.614,0.122,-0.355,0.099,0.01,1.77
10:02:22,1.76,13,1.78,25,4711,12.157,0.617,0.121,-0.356,0.099,0.01,1.77
10:02:24,1.77,43,1.79,20,4711,12.157,0.617,0.121,-0.356,0.099,0.01,1.78
10:02:26,1.75,15,1.76,7,4716,12.215,0.619,0.121,-0.356,0.099,0.01,1.76
10:02:29,1.74,39,1.76,9,4716,12.215,0.619,0.121,-0.356,0.099,0.01,1.75
10:02:31,1.74,8,1.79,9,4716,12.149,0.616,0.122,-0.358,0.099,0.011,1.77
10:02:34,1.78,17,1.8,46,4716,12.149,0.616,0.122,-0.358,0.099,0.011,1.79
10:02:36,1.77,12,1.79,10,4729,12.202,0.62,0.121,-0.359,0.099,0.011,1.78
10:02:38,1.77,16,1.79,30,4731,12.202,0.62,0.121,-0.359,0.099,0.011,1.78
10:02:41,1.77,9,1.78,8,4731,12.113,0.62,0.122,-0.349,0.099,0.01,1.78
10:02:43,1.76,41,1.77,8,4734,12.113,0.62,0.122,-0.349,0.099,0.01,1.77
10:02:45,1.72,31,1.74,8,4734,12.001,0.614,0.123,-0.352,0.099,0.01,1.73
10:02:48,1.72,30,1.74,10,4743,12.001,0.614,0.123,-0.352,0.099,0.01,1.73
10:02:50,1.73,18,1.75,17,4762,12.001,0.614,0.123,-0.352,0.099,0.01,1.74
10:02:53,1.74,8,1.75,10,4762,12.122,0.613,0.122,-0.354,0.099,0.01,1.75
10:02:55,1.72,60,1.76,7,4762,12.122,0.613,0.122,-0.354,0.099,0.01,1.74
10:02:57,1.74,11,1.76,19,4762,12.219,0.616,0.121,-0.362,0.099,0.011,1.75
10:03:00,1.73,7,1.74,7,4762,12.219,0.616,0.121,-0.362,0.099,0.011,1.74
10:03:02,1.69,52,1.73,70,4763,12.037,0.607,0.124,-0.35,0.099,0.01,1.71
10:03:05,1.7,41,1.72,20,4763,12.037,0.607,0.124,-0.35,0.099,0.01,1.71
10:03:07,1.69,13,1.72,42,4765,12.148,0.605,0.123,-0.357,0.1,0.01,1.71
10:03:09,1.69,1,1.72,70,4765,12.148,0.605,0.123,-0.357,0.1,0.01,1.71
10:03:12,1.69,15,1.71,16,4766,12.118,0.606,0.123,-0.355,0.1,0.01,1.7
10:03:14,1.71,10,1.74,1,4766,12.118,0.606,0.123,-0.355,0.1,0.01,1.73
10:03:16,1.72,18,1.74,10,4808,12.118,0.606,0.123,-0.355,0.1,0.01,1.73
10:03:19,1.72,41,1.75,48,4808,12.136,0.609,0.122,-0.354,0.099,0.01,1.74
10:03:21,1.7,11,1.74,34,4808,12.136,0.609,0.122,-0.354,0.099,0.01,1.72
10:03:24,1.7,26,1.73,15,4808,12.057,0.607,0.123,-0.352,0.099,0.01,1.72
10:03:26,1.7,19,1.72,16,4808,12.057,0.607,0.123,-0.352,0.099,0.01,1.71
10:03:28,1.7,27,1.72,16,4809,12.096,0.608,0.123,-0.36,0.099,0.011,1.71
10:03:31,1.7,35,1.72,11,4809,12.096,0.608,0.123,-0.36,0.099,0.011,1.71
10:03:33,1.71,13,1.73,21,4809,11.996,0.609,0.124,-0.354,0.099,0.01,1.72
10:03:36,1.71,14,1.75,7,4809,11.996,0.609,0.124,-0.354,0.099,0.01,1.73
10:03:38,1.7,60,1.72,15,4812,12.004,0.611,0.123,-0.355,0.099,0.011,1.71
10:03:40,1.7,36,1.71,9,4812,12.004,0.611,0.123,-0.355,0.099,0.011,1.71
10:03:44,1.69,15,1.72,2,4812,11.984,0.61,0.124,-0.353,0.099,0.01,1.71
10:03:46,1.7,1,1.71,7,4812,11.984,0.61,0.124,-0.353,0.099,0.01,1.71
10:03:48,1.7,1,1.72,16,4812,11.984,0.61,0.124,-0.356,0.099,0.011,1.71
10:03:51,1.7,22,1.73,20,4813,11.984,0.61,0.124,-0.356,0.099,0.011,1.72
10:03:53,1.71,87,1.73,20,4813,11.99,0.615,0.123,-0.355,0.099,0.011,1.72
10:03:56,1.72,46,1.73,20,4813,11.99,0.615,0.123,-0.355,0.099,0.011,1.73
10:03:58,1.71,50,1.74,5,4833,11.95,0.614,0.124,-0.358,0.099,0.011,1.73
10:04:00,1.7,49,1.73,10,4839,11.95,0.614,0.124,-0.358,0.099,0.011,1.72
10:04:03,1.72,56,1.75,3,4839,11.95,0.614,0.124,-0.358,0.099,0.011,1.74
10:04:05,1.7,60,1.73,16,4839,11.908,0.617,0.124,-0.351,0.099,0.011,1.72
10:04:08,1.69,28,1.72,1,4839,11.908,0.617,0.124,-0.351,0.099,0.011,1.71
10:04:10,1.7,60,1.73,10,4839,11.973,0.612,0.124,-0.352,0.099,0.01,1.72
10:04:12,1.69,60,1.71,4,4839,11.973,0.612,0.124,-0.352,0.099,0.01,1.7
10:04:15,1.7,30,1.73,1,4839,12.021,0.611,0.123,-0.354,0.099,0.01,1.72
10:04:17,1.7,14,1.72,10,4839,12.021,0.611,0.123,-0.354,0.099,0.01,1.71
10:04:20,1.68,34,1.71,10,4839,11.945,0.609,0.124,-0.352,0.099,0.01,1.69
10:04:22,1.68,30,1.71,1,4839,11.945,0.609,0.124,-0.352,0.099,0.01,1.69
10:04:24,1.7,10,1.71,4,4839,11.938,0.611,0.124,-0.351,0.099,0.01,1.71
10:04:27,1.68,30,1.71,1,4839,11.938,0.611,0.124,-0.351,0.099,0.01,1.69
10:04:29,1.7,50,1.73,9,4839,11.938,0.611,0.124,-0.351,0.099,0.01,1.72
10:04:31,1.7,3,1.72,1,4839,11.861,0.614,0.125,-0.348,0.099,0.01,1.71
10:04:34,1.7,45,1.72,10,4839,11.861,0.614,0.125,-0.348,0.099,0.01,1.71
10:04:36,1.69,64,1.72,10,4839,11.864,0.611,0.125,-0.347,0.099,0.01,1.71
10:04:38,1.7,47,1.72,1,4839,11.864,0.611,0.125,-0.347,0.099,0.01,1.71
10:04:41,1.7,27,1.72,16,4839,11.911,0.613,0.124,-0.35,0.099,0.01,1.71
10:04:43,1.71,43,1.74,18,4839,11.911,0.613,0.124,-0.35,0.099,0.01,1.73
10:04:45,1.72,16,1.74,4,4839,11.934,0.619,0.123,-0.351,0.099,0.011,1.73
10:04:48,1.72,63,1.75,10,4839,11.934,0.619,0.123,-0.351,0.099,0.011,1.74
10:04:50,1.71,60,1.73,14,4839,11.896,0.618,0.124,-0.35,0.099,0.011,1.72
10:04:53,1.71,10,1.73,14,4839,11.896,0.618,0.124,-0.35,0.099,0.011,1.72
10:04:55,1.71,36,1.73,14,4839,11.896,0.618,0.124,-0.35,0.099,0.011,1.72
10:04:57,1.71,10,1.73,14,4839,11.927,0.617,0.124,-0.353,0.099,0.011,1.72
10:05:00,1.68,60,1.7,4,4842,11.927,0.617,0.124,-0.353,0.099,0.011,1.69
10:05:02,1.69,30,1.71,5,4842,11.892,0.613,0.124,-0.351,0.099,0.011,1.7
10:05:04,1.7,41,1.72,2,4842,11.892,0.613,0.124,-0.351,0.099,0.011,1.71
10:05:07,1.71,10,1.73,12,4842,11.888,0.616,0.124,-0.349,0.099,0.01,1.72
10:05:09,1.68,10,1.7,20,4842,11.888,0.616,0.124,-0.349,0.099,0.01,1.69
10:05:12,1.69,25,1.71,1,4842,11.872,0.613,0.125,-0.351,0.099,0.011,1.7
10:05:14,1.69,30,1.71,20,4842,11.872,0.613,0.125,-0.351,0.099,0.011,1.7
10:05:16,1.69,69,1.72,5,4842,11.822,0.613,0.125,-0.347,0.099,0.01,1.71
10:05:19,1.69,80,1.71,2,4842,11.822,0.613,0.125,-0.347,0.099,0.01,1.7
10:05:21,1.69,20,1.71,17,4842,11.822,0.613,0.125,-0.347,0.099,0.01,1.7
10:05:24,1.68,70,1.7,5,4842,11.853,0.612,0.125,-0.35,0.099,0.011,1.69
10:05:26,1.67,30,1.69,17,4842,11.853,0.612,0.125,-0.35,0.099,0.011,1.68